Register Number,Student Name,Branch,Semester,Course Code
2403310910421000,Aarav Rajan,B.E. Computer Science and Engineering,5,JCS2501
2403310910421001,Diya Rajan,B.Tech. Artificial Intelligence and Data Science,5,JAI2502
2403310910421002,Karthik Rajan,B.E. Electronics and Communication Engineering,5,JEC2501
2403310910421003,Ananya Rajan,B.Tech. Information Technology,5,JIT2501
2403310910421004,Rahul Rajan,B.E. Mechanical Engineering,5,JME2501
2403310910421005,Sneha Rajan,B.E. Computer Science and Engineering,5,JCS2501
2403310910421006,Vikram Rajan,B.Tech. Artificial Intelligence and Data Science,5,JAI2502
2403310910421007,Priya Rajan,B.E. Electronics and Communication Engineering,5,JEC2501
2403310910421008,Siddharth Rajan,B.Tech. Information Technology,5,JIT2501
2403310910421009,Meera Rajan,B.E. Mechanical Engineering,5,JME2501
2403310910421010,Rohan Rajan,B.E. Computer Science and Engineering,5,JCS2501
2403310910421011,Swetha Rajan,B.Tech. Artificial Intelligence and Data Science,5,JAI2502
2403310910421012,Arjun Rajan,B.E. Electronics and Communication Engineering,5,JEC2501
2403310910421013,Deepika Rajan,B.Tech. Information Technology,5,JIT2501
2403310910421014,Harish Rajan,B.E. Mechanical Engineering,5,JME2501
2403310910421015,Aarav Kumar,B.E. Computer Science and Engineering,5,JCS2501
2403310910421016,Diya Kumar,B.Tech. Artificial Intelligence and Data Science,5,JAI2502
2403310910421017,Karthik Kumar,B.E. Electronics and Communication Engineering,5,JEC2501
2403310910421018,Ananya Kumar,B.Tech. Information Technology,5,JIT2501
2403310910421019,Rahul Kumar,B.E. Mechanical Engineering,5,JME2501
2403310910421020,Sneha Kumar,B.E. Computer Science and Engineering,5,JCS2501
2403310910421021,Vikram Kumar,B.Tech. Artificial Intelligence and Data Science,5,JAI2502
2403310910421022,Priya Kumar,B.E. Electronics and Communication Engineering,5,JEC2501
2403310910421023,Siddharth Kumar,B.Tech. Information Technology,5,JIT2501
2403310910421024,Meera Kumar,B.E. Mechanical Engineering,5,JME2501
2403310910421025,Rohan Kumar,B.E. Computer Science and Engineering,5,JCS2501
2403310910421026,Swetha Kumar,B.Tech. Artificial Intelligence and Data Science,5,JAI2502
2403310910421027,Arjun Kumar,B.E. Electronics and Communication Engineering,5,JEC2501
2403310910421028,Deepika Kumar,B.Tech. Information Technology,5,JIT2501
2403310910421029,Harish Kumar,B.E. Mechanical Engineering,5,JME2501
2403310910421030,Aarav Menon,B.E. Computer Science and Engineering,5,JCS2501
2403310910421031,Diya Menon,B.Tech. Artificial Intelligence and Data Science,5,JAI2502
2403310910421032,Karthik Menon,B.E. Electronics and Communication Engineering,5,JEC2501
2403310910421033,Ananya Menon,B.Tech. Information Technology,5,JIT2501
2403310910421034,Rahul Menon,B.E. Mechanical Engineering,5,JME2501
2403310910421035,Sneha Menon,B.E. Computer Science and Engineering,5,JCS2501
2403310910421036,Vikram Menon,B.Tech. Artificial Intelligence and Data Science,5,JAI2502
2403310910421037,Priya Menon,B.E. Electronics and Communication Engineering,5,JEC2501
2403310910421038,Siddharth Menon,B.Tech. Information Technology,5,JIT2501
2403310910421039,Meera Menon,B.E. Mechanical Engineering,5,JME2501
2403310910421040,Rohan Menon,B.E. Computer Science and Engineering,5,JCS2501
2403310910421041,Swetha Menon,B.Tech. Artificial Intelligence and Data Science,5,JAI2502
2403310910421042,Arjun Menon,B.E. Electronics and Communication Engineering,5,JEC2501
2403310910421043,Deepika Menon,B.Tech. Information Technology,5,JIT2501
2403310910421044,Harish Menon,B.E. Mechanical Engineering,5,JME2501
2403310910421045,Aarav Sharma,B.E. Computer Science and Engineering,5,JCS2501
2403310910421046,Diya Sharma,B.Tech. Artificial Intelligence and Data Science,5,JAI2502
2403310910421047,Karthik Sharma,B.E. Electronics and Communication Engineering,5,JEC2501
2403310910421048,Ananya Sharma,B.Tech. Information Technology,5,JIT2501
2403310910421049,Rahul Sharma,B.E. Mechanical Engineering,5,JME2501
2403310910421050,Sneha Sharma,B.E. Computer Science and Engineering,5,JCS2501
2403310910421051,Vikram Sharma,B.Tech. Artificial Intelligence and Data Science,5,JAI2502
2403310910421052,Priya Sharma,B.E. Electronics and Communication Engineering,5,JEC2501
2403310910421053,Siddharth Sharma,B.Tech. Information Technology,5,JIT2501
2403310910421054,Meera Sharma,B.E. Mechanical Engineering,5,JME2501
2403310910421055,Rohan Sharma,B.E. Computer Science and Engineering,5,JCS2501
2403310910421056,Swetha Sharma,B.Tech. Artificial Intelligence and Data Science,5,JAI2502
2403310910421057,Arjun Sharma,B.E. Electronics and Communication Engineering,5,JEC2501
2403310910421058,Deepika Sharma,B.Tech. Information Technology,5,JIT2501
2403310910421059,Harish Sharma,B.E. Mechanical Engineering,5,JME2501
2403310910421060,Aarav Patel,B.E. Computer Science and Engineering,5,JCS2501
2403310910421061,Diya Patel,B.Tech. Artificial Intelligence and Data Science,5,JAI2502
2403310910421062,Karthik Patel,B.E. Electronics and Communication Engineering,5,JEC2501
2403310910421063,Ananya Patel,B.Tech. Information Technology,5,JIT2501
2403310910421064,Rahul Patel,B.E. Mechanical Engineering,5,JME2501
2403310910421065,Sneha Patel,B.E. Computer Science and Engineering,5,JCS2501
2403310910421066,Vikram Patel,B.Tech. Artificial Intelligence and Data Science,5,JAI2502
2403310910421067,Priya Patel,B.E. Electronics and Communication Engineering,5,JEC2501
2403310910421068,Siddharth Patel,B.Tech. Information Technology,5,JIT2501
2403310910421069,Meera Patel,B.E. Mechanical Engineering,5,JME2501
2403310910421070,Rohan Patel,B.E. Computer Science and Engineering,5,JCS2501
2403310910421071,Swetha Patel,B.Tech. Artificial Intelligence and Data Science,5,JAI2502
2403310910421072,Arjun Patel,B.E. Electronics and Communication Engineering,5,JEC2501
2403310910421073,Deepika Patel,B.Tech. Information Technology,5,JIT2501
2403310910421074,Harish Patel,B.E. Mechanical Engineering,5,JME2501
2403310910421075,Aarav Krishnan,B.E. Computer Science and Engineering,5,JCS2501
2403310910421076,Diya Krishnan,B.Tech. Artificial Intelligence and Data Science,5,JAI2502
2403310910421077,Karthik Krishnan,B.E. Electronics and Communication Engineering,5,JEC2501
2403310910421078,Ananya Krishnan,B.Tech. Information Technology,5,JIT2501
2403310910421079,Rahul Krishnan,B.E. Mechanical Engineering,5,JME2501
2403310910421080,Sneha Krishnan,B.E. Computer Science and Engineering,5,JCS2501
2403310910421081,Vikram Krishnan,B.Tech. Artificial Intelligence and Data Science,5,JAI2502
2403310910421082,Priya Krishnan,B.E. Electronics and Communication Engineering,5,JEC2501
2403310910421083,Siddharth Krishnan,B.Tech. Information Technology,5,JIT2501
2403310910421084,Meera Krishnan,B.E. Mechanical Engineering,5,JME2501
2403310910421085,Rohan Krishnan,B.E. Computer Science and Engineering,5,JCS2501
2403310910421086,Swetha Krishnan,B.Tech. Artificial Intelligence and Data Science,5,JAI2502
2403310910421087,Arjun Krishnan,B.E. Electronics and Communication Engineering,5,JEC2501
2403310910421088,Deepika Krishnan,B.Tech. Information Technology,5,JIT2501
2403310910421089,Harish Krishnan,B.E. Mechanical Engineering,5,JME2501
2403310910421090,Aarav Pillai,B.E. Computer Science and Engineering,5,JCS2501
2403310910421091,Diya Pillai,B.Tech. Artificial Intelligence and Data Science,5,JAI2502
2403310910421092,Karthik Pillai,B.E. Electronics and Communication Engineering,5,JEC2501
2403310910421093,Ananya Pillai,B.Tech. Information Technology,5,JIT2501
2403310910421094,Rahul Pillai,B.E. Mechanical Engineering,5,JME2501
2403310910421095,Sneha Pillai,B.E. Computer Science and Engineering,5,JCS2501
2403310910421096,Vikram Pillai,B.Tech. Artificial Intelligence and Data Science,5,JAI2502
2403310910421097,Priya Pillai,B.E. Electronics and Communication Engineering,5,JEC2501
2403310910421098,Siddharth Pillai,B.Tech. Information Technology,5,JIT2501
2403310910421099,Meera Pillai,B.E. Mechanical Engineering,5,JME2501
2403310910421100,Rohan Pillai,B.E. Computer Science and Engineering,5,JCS2501
2403310910421101,Swetha Pillai,B.Tech. Artificial Intelligence and Data Science,5,JAI2502
2403310910421102,Arjun Pillai,B.E. Electronics and Communication Engineering,5,JEC2501
2403310910421103,Deepika Pillai,B.Tech. Information Technology,5,JIT2501
2403310910421104,Harish Pillai,B.E. Mechanical Engineering,5,JME2501
2403310910421105,Aarav Nair,B.E. Computer Science and Engineering,5,JCS2501
2403310910421106,Diya Nair,B.Tech. Artificial Intelligence and Data Science,5,JAI2502
2403310910421107,Karthik Nair,B.E. Electronics and Communication Engineering,5,JEC2501
2403310910421108,Ananya Nair,B.Tech. Information Technology,5,JIT2501
2403310910421109,Rahul Nair,B.E. Mechanical Engineering,5,JME2501
2403310910421110,Sneha Nair,B.E. Computer Science and Engineering,5,JCS2501
2403310910421111,Vikram Nair,B.Tech. Artificial Intelligence and Data Science,5,JAI2502
2403310910421112,Priya Nair,B.E. Electronics and Communication Engineering,5,JEC2501
2403310910421113,Siddharth Nair,B.Tech. Information Technology,5,JIT2501
2403310910421114,Meera Nair,B.E. Mechanical Engineering,5,JME2501
2403310910421115,Rohan Nair,B.E. Computer Science and Engineering,5,JCS2501
2403310910421116,Swetha Nair,B.Tech. Artificial Intelligence and Data Science,5,JAI2502
2403310910421117,Arjun Nair,B.E. Electronics and Communication Engineering,5,JEC2501
2403310910421118,Deepika Nair,B.Tech. Information Technology,5,JIT2501
2403310910421119,Harish Nair,B.E. Mechanical Engineering,5,JME2501
2403310910421120,Aarav Venkatesh,B.E. Computer Science and Engineering,5,JCS2501
2403310910421121,Diya Venkatesh,B.Tech. Artificial Intelligence and Data Science,5,JAI2502
2403310910421122,Karthik Venkatesh,B.E. Electronics and Communication Engineering,5,JEC2501
2403310910421123,Ananya Venkatesh,B.Tech. Information Technology,5,JIT2501
2403310910421124,Rahul Venkatesh,B.E. Mechanical Engineering,5,JME2501
2403310910421125,Sneha Venkatesh,B.E. Computer Science and Engineering,5,JCS2501
2403310910421126,Vikram Venkatesh,B.Tech. Artificial Intelligence and Data Science,5,JAI2502
2403310910421127,Priya Venkatesh,B.E. Electronics and Communication Engineering,5,JEC2501
2403310910421128,Siddharth Venkatesh,B.Tech. Information Technology,5,JIT2501
2403310910421129,Meera Venkatesh,B.E. Mechanical Engineering,5,JME2501
2403310910421130,Rohan Venkatesh,B.E. Computer Science and Engineering,5,JCS2501
2403310910421131,Swetha Venkatesh,B.Tech. Artificial Intelligence and Data Science,5,JAI2502
2403310910421132,Arjun Venkatesh,B.E. Electronics and Communication Engineering,5,JEC2501
2403310910421133,Deepika Venkatesh,B.Tech. Information Technology,5,JIT2501
2403310910421134,Harish Venkatesh,B.E. Mechanical Engineering,5,JME2501
2403310910421135,Aarav Varma,B.E. Computer Science and Engineering,5,JCS2501
2403310910421136,Diya Varma,B.Tech. Artificial Intelligence and Data Science,5,JAI2502
2403310910421137,Karthik Varma,B.E. Electronics and Communication Engineering,5,JEC2501
2403310910421138,Ananya Varma,B.Tech. Information Technology,5,JIT2501
2403310910421139,Rahul Varma,B.E. Mechanical Engineering,5,JME2501
2403310910421140,Sneha Varma,B.E. Computer Science and Engineering,5,JCS2501
2403310910421141,Vikram Varma,B.Tech. Artificial Intelligence and Data Science,5,JAI2502
2403310910421142,Priya Varma,B.E. Electronics and Communication Engineering,5,JEC2501
2403310910421143,Siddharth Varma,B.Tech. Information Technology,5,JIT2501
2403310910421144,Meera Varma,B.E. Mechanical Engineering,5,JME2501
2403310910421145,Rohan Varma,B.E. Computer Science and Engineering,5,JCS2501
2403310910421146,Swetha Varma,B.Tech. Artificial Intelligence and Data Science,5,JAI2502
2403310910421147,Arjun Varma,B.E. Electronics and Communication Engineering,5,JEC2501
2403310910421148,Deepika Varma,B.Tech. Information Technology,5,JIT2501
2403310910421149,Harish Varma,B.E. Mechanical Engineering,5,JME2501
